<?xml version="1.0" encoding="UTF-8" standalone="yes"?>
<addon id="plugin.program.taoxwizard" name="Taox Wizard" version="2.0" provider-name="[COLOR teal][B]Taox[/B][/COLOR] [COLOR purple][B]Wizard[/B][/COLOR]">
  <requires>
    <import addon="xbmc.python" version="2.1.0"/>
  </requires>
  <extension point="xbmc.python.pluginsource" library="default.py">
    <provides>executable</provides>
  </extension>
  <extension point="xbmc.service" library="startup.py" start="startup" />
  <extension point="xbmc.addon.metadata">
    <summary lang="en">Taox Wizard</summary>
    <description lang="en">Kodi Build por Taox Trece</description>
    <platform>all</platform>
  </extension>
</addon>
