﻿<?xml version="1.0" encoding="UTF-8" standalone="yes"?>
<addon id="plugin.video.plexus-streams"
       name="Plexus-Streams"
       version="2.0.70b"
       provider-name="D4FC (Mod by Teco)">
  <requires>
    <import addon="xbmc.python" version="2.1.0"/>
    <import addon="script.module.beautifulsoup" version="3.0.8"/>
    <import addon="script.module.pytz" />
    <import addon="script.module.requests" />
    <import addon="script.module.mechanize" version="0.2.6"/>
    <import addon="program.plexus" />
  </requires>
  <extension point="xbmc.python.pluginsource"
            library="default.py">
        <provides>video</provides>
  </extension>
  <extension point="xbmc.addon.metadata">
    <summary>Plexus wrapper</summary>
    <description lang="es">Mod By Teco</description>
    <disclaimer lang="en">The authors does not host nor distribute any of the content you may watch using this addon. The authors have no affiliation with any of the content providers. This addon does not track its users.</disclaimer>
    <platform>all</platform>
  </extension>
</addon>
